"trust_id","trust_code","trust_name","trust_type","region","reporting_date","general_beds_open","general_beds_occupied","general_bed_occupancy_pct","critical_care_beds_open","critical_care_beds_occupied","critical_care_occupancy_pct","ae_attendances","four_hour_breaches","four_hour_breach_pct","ambulance_arrivals","ambulance_handover_delays","ambulance_handover_delay_pct","patients_ready_for_discharge","admissions","discharges","net_admissions","establishment_fte","substantive_fte","absence_fte","workforce_absence_pct","agency_fte","bank_fte","unfilled_shifts","temperature_min_c","temperature_max_c","precipitation_mm","snowfall_mm","wind_speed_mph","weather_warning_level","weather_warning_type","minimum_temperature_band","assessment_timestamp","recommended_opel_level","approved_opel_level","previous_approved_opel_level","prediction_confidence","assessment_method","assessment_rationale","key_pressure_factors","approval_status","assessed_by_role","reviewed_by_role","reviewed_at","rule_version","operational_pressure_status","human_override_indicator","operational_source_system","operational_source_record_id","load_batch_id","data_quality_status"
"14","NRT002","North Riverside NHS Trust","Acute Trust","North","2026-01-01",430,366,"85.12",28,20,"71.43",281,22,"7.83",94,11,"11.70",32,210,202,8,"940.00","846.00","35.90","3.82","18.80","14.10","5","-2.30","3.50","3.20","0.00","21.00",NULL,NULL,"Below 0°C","2026-01-01 10:00:00+00",1,1,NULL,"0.9100","rules_based","Synthetic operational conditions remained within routine arrangements.","Routine demand and manageable operational pressure","approved","Operational Intelligence Analyst","Duty Operations Manager","2026-01-01 10:30:00+00","opel_rules_v1.0","Routine pressure",False,"synthetic_seed_v1","OPS-NRT002-20260101","11111111-1111-4111-8111-111111111111","valid"
"14","NRT002","North Riverside NHS Trust","Acute Trust","North","2026-01-02",430,371,"86.28",28,20,"71.43",292,23,"7.88",98,14,"14.29",33,215,206,9,"940.00","846.00","33.90","3.61","18.80","14.10","6","-3.10","4.50","3.20","0.00","24.00",NULL,NULL,"Below 0°C","2026-01-02 10:00:00+00",1,1,1,"0.9100","rules_based","Synthetic operational conditions remained within routine arrangements.","Routine demand and manageable operational pressure","approved","Operational Intelligence Analyst","Duty Operations Manager","2026-01-02 10:30:00+00","opel_rules_v1.0","Routine pressure",False,"synthetic_seed_v1","OPS-NRT002-20260102","11111111-1111-4111-8111-111111111111","valid"
"14","NRT002","North Riverside NHS Trust","Acute Trust","North","2026-01-03",430,364,"84.65",28,20,"71.43",278,22,"7.91",102,10,"9.80",34,220,210,10,"940.00","846.00","36.90","3.93","18.80","14.10","7","-1.90","2.50","3.20","45.00","27.00",NULL,NULL,"Below 0°C","2026-01-03 10:00:00+00",1,1,1,"0.9100","rules_based","Synthetic operational conditions remained within routine arrangements.","Routine demand and manageable operational pressure","approved","Operational Intelligence Analyst","Duty Operations Manager","2026-01-03 10:30:00+00","opel_rules_v1.0","Routine pressure",False,"synthetic_seed_v1","OPS-NRT002-20260103","11111111-1111-4111-8111-111111111111","valid"
"14","NRT002","North Riverside NHS Trust","Acute Trust","North","2026-01-04",430,369,"85.81",28,20,"71.43",289,23,"7.96",106,13,"12.26",35,207,199,8,"940.00","846.00","34.90","3.71","18.80","14.10","4","-2.70","3.50","14.00","45.00","36.00","yellow","ice","Below 0°C","2026-01-04 10:00:00+00",1,1,1,"0.9100","rules_based","Synthetic operational conditions remained within routine arrangements.","Routine demand and manageable operational pressure","approved","Operational Intelligence Analyst","Duty Operations Manager","2026-01-04 10:30:00+00","opel_rules_v1.0","Routine pressure",False,"synthetic_seed_v1","OPS-NRT002-20260104","11111111-1111-4111-8111-111111111111","valid"
"14","NRT002","North Riverside NHS Trust","Acute Trust","North","2026-01-05",430,362,"84.19",28,20,"71.43",275,22,"8.00",92,9,"9.78",36,212,203,9,"940.00","846.00","32.90","3.50","18.80","14.10","5","-3.50","4.50","14.00","0.00","48.00","yellow","wind","Below 0°C","2026-01-05 10:00:00+00",1,1,1,"0.9100","rules_based","Synthetic operational conditions remained within routine arrangements.","Routine demand and manageable operational pressure","approved","Operational Intelligence Analyst","Duty Operations Manager","2026-01-05 10:30:00+00","opel_rules_v1.0","Routine pressure",False,"synthetic_seed_v1","OPS-NRT002-20260105","11111111-1111-4111-8111-111111111111","valid"
"14","NRT002","North Riverside NHS Trust","Acute Trust","North","2026-01-06",430,367,"85.35",28,20,"71.43",286,23,"8.04",96,12,"12.50",31,217,207,10,"940.00","846.00","35.90","3.82","18.80","14.10","6","-2.30","2.50","3.20","0.00","24.00",NULL,NULL,"Below 0°C","2026-01-06 10:00:00+00",1,1,1,"0.9100","rules_based","Synthetic operational conditions remained within routine arrangements.","Routine demand and manageable operational pressure","approved","Operational Intelligence Analyst","Duty Operations Manager","2026-01-06 10:30:00+00","opel_rules_v1.0","Routine pressure",False,"synthetic_seed_v1","OPS-NRT002-20260106","11111111-1111-4111-8111-111111111111","valid"
"14","NRT002","North Riverside NHS Trust","Acute Trust","North","2026-01-07",430,372,"86.51",28,20,"71.43",272,22,"8.09",100,8,"8.00",32,222,211,11,"940.00","846.00","33.90","3.61","18.80","14.10","7","-3.10","3.50","3.20","0.00","27.00",NULL,NULL,"Below 0°C","2026-01-07 10:00:00+00",1,1,1,"0.9100","rules_based","Synthetic operational conditions remained within routine arrangements.","Routine demand and manageable operational pressure","approved","Operational Intelligence Analyst","Duty Operations Manager","2026-01-07 10:30:00+00","opel_rules_v1.0","Routine pressure",False,"synthetic_seed_v1","OPS-NRT002-20260107","11111111-1111-4111-8111-111111111111","valid"
"14","NRT002","North Riverside NHS Trust","Acute Trust","North","2026-01-08",430,387,"90.00",28,20,"71.43",318,41,"12.89",104,20,"19.23",33,209,200,9,"940.00","846.00","51.00","5.43","28.20","14.10","9","1.60","7.50","7.50","0.00","18.00",NULL,NULL,"0°C to below 3°C","2026-01-08 10:00:00+00",2,2,1,"0.8700","rules_based","Synthetic moderate pressure required active monitoring.","Moderate demand; selected capacity and workforce pressure","approved","Operational Intelligence Analyst","Duty Operations Manager","2026-01-08 10:30:00+00","opel_rules_v1.0","Moderate pressure",False,"synthetic_seed_v1","OPS-NRT002-20260108","11111111-1111-4111-8111-111111111111","valid"
"14","NRT002","North Riverside NHS Trust","Acute Trust","North","2026-01-09",430,392,"91.16",28,20,"71.43",329,43,"13.07",90,23,"25.56",34,214,204,10,"940.00","846.00","49.00","5.21","28.20","14.10","10","0.80","5.50","3.20","0.00","21.00",NULL,NULL,"0°C to below 3°C","2026-01-09 10:00:00+00",2,2,2,"0.8700","rules_based","Synthetic moderate pressure required active monitoring.","Moderate demand; selected capacity and workforce pressure","approved","Operational Intelligence Analyst","Duty Operations Manager","2026-01-09 10:30:00+00","opel_rules_v1.0","Moderate pressure",False,"synthetic_seed_v1","OPS-NRT002-20260109","11111111-1111-4111-8111-111111111111","valid"
"14","NRT002","North Riverside NHS Trust","Acute Trust","North","2026-01-10",430,385,"89.53",28,20,"71.43",315,41,"13.02",94,19,"20.21",35,219,208,11,"940.00","846.00","47.00","5.00","28.20","14.10","11","0.00","6.50","3.20","0.00","24.00",NULL,NULL,"0°C to below 3°C","2026-01-10 10:00:00+00",2,2,2,"0.8700","rules_based","Synthetic moderate pressure required active monitoring.","Moderate demand; selected capacity and workforce pressure","approved","Operational Intelligence Analyst","Duty Operations Manager","2026-01-10 10:30:00+00","opel_rules_v1.0","Moderate pressure",False,"synthetic_seed_v1","OPS-NRT002-20260110","11111111-1111-4111-8111-111111111111","valid"
"14","NRT002","North Riverside NHS Trust","Acute Trust","North","2026-01-11",430,390,"90.70",28,24,"85.71",326,42,"12.88",98,22,"22.45",36,206,212,-6,"940.00","846.00","50.00","5.32","28.20","14.10","12","1.20","7.50","14.00","0.00","36.00","yellow","ice","0°C to below 3°C","2026-01-11 10:00:00+00",2,2,2,"0.8700","rules_based","Synthetic moderate pressure required active monitoring.","Moderate demand; selected capacity and workforce pressure","approved","Operational Intelligence Analyst","Duty Operations Manager","2026-01-11 10:30:00+00","opel_rules_v1.0","Moderate pressure",False,"synthetic_seed_v1","OPS-NRT002-20260111","11111111-1111-4111-8111-111111111111","valid"
"14","NRT002","North Riverside NHS Trust","Acute Trust","North","2026-01-12",430,383,"89.07",28,24,"85.71",312,41,"13.14",102,18,"17.65",31,211,201,10,"940.00","846.00","48.00","5.11","28.20","14.10","9","0.40","5.50","14.00","45.00","48.00","amber","snow and ice","0°C to below 3°C","2026-01-12 10:00:00+00",2,2,2,"0.8700","rules_based","Synthetic moderate pressure required active monitoring.","Moderate demand; selected capacity and workforce pressure","approved","Operational Intelligence Analyst","Duty Operations Manager","2026-01-12 10:30:00+00","opel_rules_v1.0","Moderate pressure",False,"synthetic_seed_v1","OPS-NRT002-20260112","11111111-1111-4111-8111-111111111111","valid"
"14","NRT002","North Riverside NHS Trust","Acute Trust","North","2026-01-13",430,388,"90.23",28,24,"85.71",323,42,"13.00",106,21,"19.81",32,216,205,11,"940.00","846.00","51.00","5.43","28.20","14.10","10","1.60","6.50","3.20","45.00","21.00",NULL,NULL,"0°C to below 3°C","2026-01-13 10:00:00+00",2,3,2,"0.8700","rules_based","Human reviewer adjusted the synthetic rules-based recommendation.","Moderate demand; selected capacity and workforce pressure","approved","Operational Intelligence Analyst","Duty Operations Manager","2026-01-13 10:30:00+00","opel_rules_v1.0","Significant pressure",True,"synthetic_seed_v1","OPS-NRT002-20260113","11111111-1111-4111-8111-111111111111","valid"
"14","NRT002","North Riverside NHS Trust","Acute Trust","North","2026-01-14",430,393,"91.40",28,24,"85.71",309,40,"12.94",92,17,"18.48",33,221,209,12,"940.00","846.00","49.00","5.21","28.20","14.10","11","0.80","7.50","3.20","0.00","24.00",NULL,NULL,"0°C to below 3°C","2026-01-14 10:00:00+00",2,2,3,"0.8700","rules_based","Synthetic moderate pressure required active monitoring.","Moderate demand; selected capacity and workforce pressure","approved","Operational Intelligence Analyst","Duty Operations Manager","2026-01-14 10:30:00+00","opel_rules_v1.0","Moderate pressure",False,"synthetic_seed_v1","OPS-NRT002-20260114","11111111-1111-4111-8111-111111111111","valid"
"14","NRT002","North Riverside NHS Trust","Acute Trust","North","2026-01-15",430,403,"93.72",28,24,"85.71",340,75,"22.06",96,32,"33.33",46,208,201,7,"940.00","846.00","65.80","7.00","47.00","23.50","19","-2.00","3.50","3.20","0.00","27.00",NULL,NULL,"Below 0°C","2026-01-15 10:00:00+00",3,3,2,"0.8300","rules_based","Synthetic significant pressure required enhanced operational coordination.","Rising occupancy; discharge pressure; workforce absence","approved","Operational Intelligence Analyst","Duty Operations Manager","2026-01-15 10:30:00+00","opel_rules_v1.0","Significant pressure",False,"synthetic_seed_v1","OPS-NRT002-20260115","11111111-1111-4111-8111-111111111111","valid"
"14","NRT002","North Riverside NHS Trust","Acute Trust","North","2026-01-16",430,408,"94.88",28,24,"85.71",326,72,"22.09",100,35,"35.00",47,213,203,10,"940.00","846.00","68.80","7.32","47.00","23.50","16","-0.80","4.50","7.50","0.00","18.00",NULL,NULL,"Below 0°C","2026-01-16 10:00:00+00",3,3,3,"0.8300","rules_based","Synthetic significant pressure required enhanced operational coordination.","Rising occupancy; discharge pressure; workforce absence","approved","Operational Intelligence Analyst","Duty Operations Manager","2026-01-16 10:30:00+00","opel_rules_v1.0","Significant pressure",False,"synthetic_seed_v1","OPS-NRT002-20260116","11111111-1111-4111-8111-111111111111","valid"
"14","NRT002","North Riverside NHS Trust","Acute Trust","North","2026-01-17",430,401,"93.26",28,24,"85.71",337,74,"21.96",104,31,"29.81",48,218,205,13,"940.00","846.00","66.80","7.11","47.00","23.50","17","-1.60","5.50","3.20","0.00","21.00",NULL,NULL,"Below 0°C","2026-01-17 10:00:00+00",3,3,3,"0.8300","rules_based","Synthetic significant pressure required enhanced operational coordination.","Rising occupancy; discharge pressure; workforce absence","approved","Operational Intelligence Analyst","Duty Operations Manager","2026-01-17 10:30:00+00","opel_rules_v1.0","Significant pressure",False,"synthetic_seed_v1","OPS-NRT002-20260117","11111111-1111-4111-8111-111111111111","valid"
"14","NRT002","North Riverside NHS Trust","Acute Trust","North","2026-01-18",430,406,"94.42",28,24,"85.71",348,77,"22.13",90,34,"37.78",43,205,198,7,"940.00","846.00","69.80","7.43","47.00","23.50","18","-0.40","3.50","14.00","0.00","36.00","yellow","ice","Below 0°C","2026-01-18 10:00:00+00",3,3,3,"0.8300","rules_based","Synthetic significant pressure required enhanced operational coordination.","Rising occupancy; discharge pressure; workforce absence","approved","Operational Intelligence Analyst","Duty Operations Manager","2026-01-18 10:30:00+00","opel_rules_v1.0","Significant pressure",False,"synthetic_seed_v1","OPS-NRT002-20260118","11111111-1111-4111-8111-111111111111","valid"
"14","NRT002","North Riverside NHS Trust","Acute Trust","North","2026-01-19",430,411,"95.58",28,24,"85.71",334,73,"21.86",94,30,"31.91",44,210,200,10,"940.00","846.00","67.80","7.21","47.00","23.50","19","-1.20","4.50","14.00","45.00","48.00","amber","snow and ice","Below 0°C","2026-01-19 10:00:00+00",3,3,3,"0.8300","rules_based","Synthetic significant pressure required enhanced operational coordination.","Rising occupancy; discharge pressure; workforce absence","approved","Operational Intelligence Analyst","Duty Operations Manager","2026-01-19 10:30:00+00","opel_rules_v1.0","Significant pressure",False,"synthetic_seed_v1","OPS-NRT002-20260119","11111111-1111-4111-8111-111111111111","valid"
"14","NRT002","North Riverside NHS Trust","Acute Trust","North","2026-01-20",430,404,"93.95",28,24,"85.71",345,76,"22.03",98,33,"33.67",45,215,202,13,"940.00","846.00","65.80","7.00","47.00","23.50","16","-2.00","5.50","7.50","0.00","18.00",NULL,NULL,"Below 0°C","2026-01-20 10:00:00+00",3,3,3,"0.8300","rules_based","Synthetic significant pressure required enhanced operational coordination.","Rising occupancy; discharge pressure; workforce absence","approved","Operational Intelligence Analyst","Duty Operations Manager","2026-01-20 10:30:00+00","opel_rules_v1.0","Significant pressure",False,"synthetic_seed_v1","OPS-NRT002-20260120","11111111-1111-4111-8111-111111111111","valid"
"14","NRT002","North Riverside NHS Trust","Acute Trust","North","2026-01-21",430,409,"95.12",28,26,"92.86",331,73,"22.05",102,29,"28.43",46,220,204,16,"940.00","846.00","68.80","7.32","47.00","23.50","17","-0.80","3.50","3.20","0.00","21.00",NULL,NULL,"Below 0°C","2026-01-21 10:00:00+00",3,3,3,"0.8300","rules_based","Synthetic significant pressure required enhanced operational coordination.","Rising occupancy; discharge pressure; workforce absence","approved","Operational Intelligence Analyst","Duty Operations Manager","2026-01-21 10:30:00+00","opel_rules_v1.0","Significant pressure",False,"synthetic_seed_v1","OPS-NRT002-20260121","11111111-1111-4111-8111-111111111111","valid"
"14","NRT002","North Riverside NHS Trust","Acute Trust","North","2026-01-22",430,402,"93.49",28,26,"92.86",342,75,"21.93",106,32,"30.19",47,207,206,1,"940.00","846.00","66.80","7.11","47.00","23.50","18","-1.60","4.50","3.20","0.00","24.00",NULL,NULL,"Below 0°C","2026-01-22 10:00:00+00",3,3,3,"0.8300","rules_based","Synthetic significant pressure required enhanced operational coordination.","Rising occupancy; discharge pressure; workforce absence","approved","Operational Intelligence Analyst","Duty Operations Manager","2026-01-22 10:30:00+00","opel_rules_v1.0","Significant pressure",False,"synthetic_seed_v1","OPS-NRT002-20260122","11111111-1111-4111-8111-111111111111","valid"
"14","NRT002","North Riverside NHS Trust","Acute Trust","North","2026-01-23",430,420,"97.67",28,26,"92.86",348,108,"31.03",92,50,"54.35",48,212,199,13,"940.00","846.00","83.90","8.93","65.80","23.50","26","3.10","9.50","3.20","0.00","27.00",NULL,NULL,"3°C and above","2026-01-23 10:00:00+00",3,3,3,"0.8300","rules_based","Synthetic significant pressure required enhanced operational coordination.","Rising occupancy; discharge pressure; workforce absence","approved","Operational Intelligence Analyst","Duty Operations Manager","2026-01-23 10:30:00+00","opel_rules_v1.0","Significant pressure",False,"synthetic_seed_v1","OPS-NRT002-20260123","11111111-1111-4111-8111-111111111111","valid"
"14","NRT002","North Riverside NHS Trust","Acute Trust","North","2026-01-24",430,413,"96.05",28,26,"92.86",359,111,"30.92",96,46,"47.92",43,217,201,16,"940.00","846.00","81.90","8.71","65.80","23.50","23","2.30","7.50","7.50","0.00","18.00",NULL,NULL,"0°C to below 3°C","2026-01-24 10:00:00+00",3,3,3,"0.8300","rules_based","Synthetic significant pressure required enhanced operational coordination.","Rising occupancy; discharge pressure; workforce absence","approved","Operational Intelligence Analyst","Duty Operations Manager","2026-01-24 10:30:00+00","opel_rules_v1.0","Significant pressure",False,"synthetic_seed_v1","OPS-NRT002-20260124","11111111-1111-4111-8111-111111111111","valid"
"14","NRT002","North Riverside NHS Trust","Acute Trust","North","2026-01-25",430,418,"97.21",28,26,"92.86",345,107,"31.01",100,49,"49.00",44,222,203,19,"940.00","846.00","79.90","8.50","65.80","23.50","24","1.50","8.50","14.00","0.00","36.00","yellow","ice","0°C to below 3°C","2026-01-25 10:00:00+00",3,3,3,"0.8300","rules_based","Synthetic significant pressure required enhanced operational coordination.","Rising occupancy; discharge pressure; workforce absence","approved","Operational Intelligence Analyst","Duty Operations Manager","2026-01-25 10:30:00+00","opel_rules_v1.0","Significant pressure",False,"synthetic_seed_v1","OPS-NRT002-20260125","11111111-1111-4111-8111-111111111111","valid"
"14","NRT002","North Riverside NHS Trust","Acute Trust","North","2026-01-26",430,423,"98.37",28,26,"92.86",356,110,"30.90",104,45,"43.27",45,209,205,4,"940.00","846.00","82.90","8.82","65.80","23.50","25","2.70","9.50","14.00","0.00","48.00","yellow","wind","0°C to below 3°C","2026-01-26 10:00:00+00",3,3,3,"0.8300","rules_based","Synthetic significant pressure required enhanced operational coordination.","Rising occupancy; discharge pressure; workforce absence","approved","Operational Intelligence Analyst","Duty Operations Manager","2026-01-26 10:30:00+00","opel_rules_v1.0","Significant pressure",False,"synthetic_seed_v1","OPS-NRT002-20260126","11111111-1111-4111-8111-111111111111","valid"
"14","NRT002","North Riverside NHS Trust","Acute Trust","North","2026-01-27",430,416,"96.74",28,26,"92.86",367,114,"31.06",90,48,"53.33",46,214,198,16,"940.00","846.00","80.90","8.61","65.80","23.50","26","1.90","7.50","3.20","0.00","27.00",NULL,NULL,"0°C to below 3°C","2026-01-27 10:00:00+00",3,3,3,"0.8300","rules_based","Synthetic significant pressure required enhanced operational coordination.","Rising occupancy; discharge pressure; workforce absence","approved","Operational Intelligence Analyst","Duty Operations Manager","2026-01-27 10:30:00+00","opel_rules_v1.0","Significant pressure",False,"synthetic_seed_v1","OPS-NRT002-20260127","11111111-1111-4111-8111-111111111111","valid"
"14","NRT002","North Riverside NHS Trust","Acute Trust","North","2026-01-28",430,421,"97.91",28,26,"92.86",353,109,"30.88",94,44,"46.81",47,219,200,19,"940.00","846.00","83.90","8.93","65.80","23.50","23","3.10","8.50","7.50","0.00","18.00",NULL,NULL,"3°C and above","2026-01-28 10:00:00+00",3,3,3,"0.8300","rules_based","Synthetic significant pressure required enhanced operational coordination.","Rising occupancy; discharge pressure; workforce absence","approved","Operational Intelligence Analyst","Duty Operations Manager","2026-01-28 10:30:00+00","opel_rules_v1.0","Significant pressure",False,"synthetic_seed_v1","OPS-NRT002-20260128","11111111-1111-4111-8111-111111111111","valid"
"14","NRT002","North Riverside NHS Trust","Acute Trust","North","2026-01-29",430,414,"96.28",28,26,"92.86",364,113,"31.04",98,47,"47.96",48,206,202,4,"940.00","846.00","81.90","8.71","65.80","23.50","24","2.30","9.50","3.20","0.00","21.00",NULL,NULL,"0°C to below 3°C","2026-01-29 10:00:00+00",3,3,3,"0.8300","rules_based","Synthetic significant pressure required enhanced operational coordination.","Rising occupancy; discharge pressure; workforce absence","approved","Operational Intelligence Analyst","Duty Operations Manager","2026-01-29 10:30:00+00","opel_rules_v1.0","Significant pressure",False,"synthetic_seed_v1","OPS-NRT002-20260129","11111111-1111-4111-8111-111111111111","valid"
"14","NRT002","North Riverside NHS Trust","Acute Trust","North","2026-01-30",430,419,"97.44",28,26,"92.86",350,109,"31.14",102,50,"49.02",43,211,204,7,"940.00","846.00","79.90","8.50","65.80","23.50","25","1.50","7.50","3.20","0.00","24.00",NULL,NULL,"0°C to below 3°C","2026-01-30 10:00:00+00",3,3,3,"0.8300","rules_based","Synthetic significant pressure required enhanced operational coordination.","Rising occupancy; discharge pressure; workforce absence","approved","Operational Intelligence Analyst","Duty Operations Manager","2026-01-30 10:30:00+00","opel_rules_v1.0","Significant pressure",False,"synthetic_seed_v1","OPS-NRT002-20260130","11111111-1111-4111-8111-111111111111","valid"
"15","SCT003","South County Community Trust","Community Trust","South","2026-01-01",220,188,"85.45",12,9,"75.00",106,8,"7.55",59,11,"18.64",19,77,73,4,"430.00","399.90","18.05","4.20","8.60","6.45","3","1.20","7.00","2.20","0.00","21.00",NULL,NULL,"0°C to below 3°C","2026-01-01 10:00:00+00",1,1,NULL,"0.9100","rules_based","Synthetic operational conditions remained within routine arrangements.","Routine demand and manageable operational pressure","approved","Operational Intelligence Analyst","Duty Operations Manager","2026-01-01 10:30:00+00","opel_rules_v1.0","Routine pressure",False,"synthetic_seed_v1","OPS-SCT003-20260101","11111111-1111-4111-8111-111111111111","valid"
"15","SCT003","South County Community Trust","Community Trust","South","2026-01-02",220,191,"86.82",12,9,"75.00",117,9,"7.69",63,14,"22.22",20,82,77,5,"430.00","399.90","16.05","3.73","8.60","6.45","4","0.40","8.00","2.20","0.00","24.00",NULL,NULL,"0°C to below 3°C","2026-01-02 10:00:00+00",1,1,1,"0.9100","rules_based","Synthetic operational conditions remained within routine arrangements.","Routine demand and manageable operational pressure","approved","Operational Intelligence Analyst","Duty Operations Manager","2026-01-02 10:30:00+00","opel_rules_v1.0","Routine pressure",False,"synthetic_seed_v1","OPS-SCT003-20260102","11111111-1111-4111-8111-111111111111","valid"
"15","SCT003","South County Community Trust","Community Trust","South","2026-01-03",220,186,"84.55",12,9,"75.00",103,8,"7.77",67,10,"14.93",21,87,81,6,"430.00","399.90","19.05","4.43","8.60","6.45","5","1.60","6.00","2.20","0.00","27.00",NULL,NULL,"0°C to below 3°C","2026-01-03 10:00:00+00",1,1,1,"0.9100","rules_based","Synthetic operational conditions remained within routine arrangements.","Routine demand and manageable operational pressure","approved","Operational Intelligence Analyst","Duty Operations Manager","2026-01-03 10:30:00+00","opel_rules_v1.0","Routine pressure",False,"synthetic_seed_v1","OPS-SCT003-20260103","11111111-1111-4111-8111-111111111111","valid"
"15","SCT003","South County Community Trust","Community Trust","South","2026-01-04",220,189,"85.91",12,9,"75.00",114,9,"7.89",71,13,"18.31",22,74,70,4,"430.00","399.90","17.05","3.97","8.60","6.45","2","0.80","7.00","13.00","0.00","36.00","yellow","ice","0°C to below 3°C","2026-01-04 10:00:00+00",1,1,1,"0.9100","rules_based","Synthetic operational conditions remained within routine arrangements.","Routine demand and manageable operational pressure","approved","Operational Intelligence Analyst","Duty Operations Manager","2026-01-04 10:30:00+00","opel_rules_v1.0","Routine pressure",False,"synthetic_seed_v1","OPS-SCT003-20260104","11111111-1111-4111-8111-111111111111","valid"
"15","SCT003","South County Community Trust","Community Trust","South","2026-01-05",220,192,"87.27",12,9,"75.00",100,8,"8.00",57,9,"15.79",23,79,74,5,"430.00","399.90","15.05","3.50","8.60","6.45","3","0.00","8.00","13.00","0.00","48.00","yellow","wind","0°C to below 3°C","2026-01-05 10:00:00+00",1,1,1,"0.9100","rules_based","Synthetic operational conditions remained within routine arrangements.","Routine demand and manageable operational pressure","approved","Operational Intelligence Analyst","Duty Operations Manager","2026-01-05 10:30:00+00","opel_rules_v1.0","Routine pressure",False,"synthetic_seed_v1","OPS-SCT003-20260105","11111111-1111-4111-8111-111111111111","valid"
"15","SCT003","South County Community Trust","Community Trust","South","2026-01-06",220,187,"85.00",12,9,"75.00",111,9,"8.11",61,12,"19.67",18,84,78,6,"430.00","399.90","18.05","4.20","8.60","6.45","4","1.20","6.00","2.20","0.00","24.00",NULL,NULL,"0°C to below 3°C","2026-01-06 10:00:00+00",1,1,1,"0.9100","rules_based","Synthetic operational conditions remained within routine arrangements.","Routine demand and manageable operational pressure","approved","Operational Intelligence Analyst","Duty Operations Manager","2026-01-06 10:30:00+00","opel_rules_v1.0","Routine pressure",False,"synthetic_seed_v1","OPS-SCT003-20260106","11111111-1111-4111-8111-111111111111","valid"
"15","SCT003","South County Community Trust","Community Trust","South","2026-01-07",220,190,"86.36",12,9,"75.00",97,8,"8.25",65,8,"12.31",19,89,82,7,"430.00","399.90","16.05","3.73","8.60","6.45","5","0.40","7.00","2.20","0.00","27.00",NULL,NULL,"0°C to below 3°C","2026-01-07 10:00:00+00",1,1,1,"0.9100","rules_based","Synthetic operational conditions remained within routine arrangements.","Routine demand and manageable operational pressure","approved","Operational Intelligence Analyst","Duty Operations Manager","2026-01-07 10:30:00+00","opel_rules_v1.0","Routine pressure",False,"synthetic_seed_v1","OPS-SCT003-20260107","11111111-1111-4111-8111-111111111111","valid"
"15","SCT003","South County Community Trust","Community Trust","South","2026-01-08",220,196,"89.09",12,9,"75.00",143,19,"13.29",69,20,"28.99",20,76,71,5,"430.00","399.90","25.50","5.93","12.90","6.45","5","5.10","11.00","6.50","0.00","18.00",NULL,NULL,"3°C and above","2026-01-08 10:00:00+00",2,2,1,"0.8700","rules_based","Synthetic moderate pressure required active monitoring.","Moderate demand; selected capacity and workforce pressure","approved","Operational Intelligence Analyst","Duty Operations Manager","2026-01-08 10:30:00+00","opel_rules_v1.0","Moderate pressure",False,"synthetic_seed_v1","OPS-SCT003-20260108","11111111-1111-4111-8111-111111111111","valid"
"15","SCT003","South County Community Trust","Community Trust","South","2026-01-09",220,199,"90.45",12,9,"75.00",154,20,"12.99",55,23,"41.82",21,81,75,6,"430.00","399.90","23.50","5.47","12.90","6.45","6","4.30","9.00","2.20","0.00","21.00",NULL,NULL,"3°C and above","2026-01-09 10:00:00+00",2,2,2,"0.8700","rules_based","Synthetic moderate pressure required active monitoring.","Moderate demand; selected capacity and workforce pressure","approved","Operational Intelligence Analyst","Duty Operations Manager","2026-01-09 10:30:00+00","opel_rules_v1.0","Moderate pressure",False,"synthetic_seed_v1","OPS-SCT003-20260109","11111111-1111-4111-8111-111111111111","valid"
"15","SCT003","South County Community Trust","Community Trust","South","2026-01-10",220,202,"91.82",12,9,"75.00",140,18,"12.86",59,19,"32.20",22,86,79,7,"430.00","399.90","21.50","5.00","12.90","6.45","7","3.50","10.00","2.20","0.00","24.00",NULL,NULL,"3°C and above","2026-01-10 10:00:00+00",2,2,2,"0.8700","rules_based","Synthetic moderate pressure required active monitoring.","Moderate demand; selected capacity and workforce pressure","approved","Operational Intelligence Analyst","Duty Operations Manager","2026-01-10 10:30:00+00","opel_rules_v1.0","Moderate pressure",False,"synthetic_seed_v1","OPS-SCT003-20260110","11111111-1111-4111-8111-111111111111","valid"
"15","SCT003","South County Community Trust","Community Trust","South","2026-01-11",220,197,"89.55",12,10,"83.33",151,20,"13.25",63,22,"34.92",23,73,83,-10,"430.00","399.90","24.50","5.70","12.90","6.45","8","4.70","11.00","13.00","0.00","36.00","yellow","ice","3°C and above","2026-01-11 10:00:00+00",2,2,2,"0.8700","rules_based","Synthetic moderate pressure required active monitoring.","Moderate demand; selected capacity and workforce pressure","approved","Operational Intelligence Analyst","Duty Operations Manager","2026-01-11 10:30:00+00","opel_rules_v1.0","Moderate pressure",False,"synthetic_seed_v1","OPS-SCT003-20260111","11111111-1111-4111-8111-111111111111","valid"
"15","SCT003","South County Community Trust","Community Trust","South","2026-01-12",220,200,"90.91",12,10,"83.33",137,18,"13.14",67,18,"26.87",18,78,72,6,"430.00","399.90","22.50","5.23","12.90","6.45","5","3.90","9.00","13.00","0.00","48.00",NULL,NULL,"3°C and above","2026-01-12 10:00:00+00",2,2,2,"0.8700","rules_based","Synthetic moderate pressure required active monitoring.","Moderate demand; selected capacity and workforce pressure","approved","Operational Intelligence Analyst","Duty Operations Manager","2026-01-12 10:30:00+00","opel_rules_v1.0","Moderate pressure",False,"synthetic_seed_v1","OPS-SCT003-20260112","11111111-1111-4111-8111-111111111111","valid"
"15","SCT003","South County Community Trust","Community Trust","South","2026-01-13",220,203,"92.27",12,10,"83.33",148,19,"12.84",71,21,"29.58",19,83,76,7,"430.00","399.90","25.50","5.93","12.90","6.45","6","5.10","10.00","2.20","0.00","21.00",NULL,NULL,"3°C and above","2026-01-13 10:00:00+00",2,2,2,"0.8700","rules_based","Synthetic moderate pressure required active monitoring.","Moderate demand; selected capacity and workforce pressure","approved","Operational Intelligence Analyst","Duty Operations Manager","2026-01-13 10:30:00+00","opel_rules_v1.0","Moderate pressure",False,"synthetic_seed_v1","OPS-SCT003-20260113","11111111-1111-4111-8111-111111111111","valid"
"15","SCT003","South County Community Trust","Community Trust","South","2026-01-14",220,198,"90.00",12,10,"83.33",134,17,"12.69",57,17,"29.82",20,88,80,8,"430.00","399.90","23.50","5.47","12.90","6.45","7","4.30","11.00","2.20","0.00","24.00",NULL,NULL,"3°C and above","2026-01-14 10:00:00+00",2,2,2,"0.8700","rules_based","Synthetic moderate pressure required active monitoring.","Moderate demand; selected capacity and workforce pressure","approved","Operational Intelligence Analyst","Duty Operations Manager","2026-01-14 10:30:00+00","opel_rules_v1.0","Moderate pressure",False,"synthetic_seed_v1","OPS-SCT003-20260114","11111111-1111-4111-8111-111111111111","valid"
"15","SCT003","South County Community Trust","Community Trust","South","2026-01-15",220,210,"95.45",12,10,"83.33",165,36,"21.82",61,32,"52.46",33,75,72,3,"430.00","399.90","30.10","7.00","21.50","10.75","11","1.50","7.00","2.20","0.00","27.00",NULL,NULL,"0°C to below 3°C","2026-01-15 10:00:00+00",2,2,2,"0.8700","rules_based","Synthetic moderate pressure required active monitoring.","Moderate demand; selected capacity and workforce pressure","approved","Operational Intelligence Analyst","Duty Operations Manager","2026-01-15 10:30:00+00","opel_rules_v1.0","Moderate pressure",False,"synthetic_seed_v1","OPS-SCT003-20260115","11111111-1111-4111-8111-111111111111","valid"
"15","SCT003","South County Community Trust","Community Trust","South","2026-01-16",220,205,"93.18",12,10,"83.33",151,33,"21.85",65,35,"53.85",34,80,74,6,"430.00","399.90","33.10","7.70","21.50","10.75","8","2.70","8.00","6.50","0.00","18.00",NULL,NULL,"0°C to below 3°C","2026-01-16 10:00:00+00",2,2,2,"0.8700","rules_based","Synthetic moderate pressure required active monitoring.","Moderate demand; selected capacity and workforce pressure","approved","Operational Intelligence Analyst","Duty Operations Manager","2026-01-16 10:30:00+00","opel_rules_v1.0","Moderate pressure",False,"synthetic_seed_v1","OPS-SCT003-20260116","11111111-1111-4111-8111-111111111111","valid"
"15","SCT003","South County Community Trust","Community Trust","South","2026-01-17",220,208,"94.55",12,10,"83.33",162,36,"22.22",69,31,"44.93",35,85,76,9,"430.00","399.90","31.10","7.23","21.50","10.75","9","1.90","9.00","2.20","0.00","21.00",NULL,NULL,"0°C to below 3°C","2026-01-17 10:00:00+00",2,2,2,"0.8700","rules_based","Synthetic moderate pressure required active monitoring.","Moderate demand; selected capacity and workforce pressure","approved","Operational Intelligence Analyst","Duty Operations Manager","2026-01-17 10:30:00+00","opel_rules_v1.0","Moderate pressure",False,"synthetic_seed_v1","OPS-SCT003-20260117","11111111-1111-4111-8111-111111111111","valid"
"15","SCT003","South County Community Trust","Community Trust","South","2026-01-18",220,211,"95.91",12,10,"83.33",173,38,"21.97",55,34,"61.82",30,72,69,3,"430.00","399.90","34.10","7.93","21.50","10.75","10","3.10","7.00","13.00","0.00","36.00","yellow","ice","3°C and above","2026-01-18 10:00:00+00",2,2,2,"0.8700","rules_based","Synthetic moderate pressure required active monitoring.","Moderate demand; selected capacity and workforce pressure","approved","Operational Intelligence Analyst","Duty Operations Manager","2026-01-18 10:30:00+00","opel_rules_v1.0","Moderate pressure",False,"synthetic_seed_v1","OPS-SCT003-20260118","11111111-1111-4111-8111-111111111111","valid"
"15","SCT003","South County Community Trust","Community Trust","South","2026-01-19",220,206,"93.64",12,10,"83.33",159,35,"22.01",59,30,"50.85",31,77,71,6,"430.00","399.90","32.10","7.47","21.50","10.75","11","2.30","8.00","13.00","0.00","48.00",NULL,NULL,"0°C to below 3°C","2026-01-19 10:00:00+00",2,2,2,"0.8700","rules_based","Synthetic moderate pressure required active monitoring.","Moderate demand; selected capacity and workforce pressure","approved","Operational Intelligence Analyst","Duty Operations Manager","2026-01-19 10:30:00+00","opel_rules_v1.0","Moderate pressure",False,"synthetic_seed_v1","OPS-SCT003-20260119","11111111-1111-4111-8111-111111111111","valid"
"15","SCT003","South County Community Trust","Community Trust","South","2026-01-20",220,209,"95.00",12,10,"83.33",170,37,"21.76",63,33,"52.38",32,82,73,9,"430.00","399.90","30.10","7.00","21.50","10.75","8","1.50","9.00","6.50","0.00","18.00",NULL,NULL,"0°C to below 3°C","2026-01-20 10:00:00+00",2,2,2,"0.8700","rules_based","Synthetic moderate pressure required active monitoring.","Moderate demand; selected capacity and workforce pressure","approved","Operational Intelligence Analyst","Duty Operations Manager","2026-01-20 10:30:00+00","opel_rules_v1.0","Moderate pressure",False,"synthetic_seed_v1","OPS-SCT003-20260120","11111111-1111-4111-8111-111111111111","valid"
"15","SCT003","South County Community Trust","Community Trust","South","2026-01-21",220,212,"96.36",12,11,"91.67",156,34,"21.79",67,29,"43.28",33,87,75,12,"430.00","399.90","33.10","7.70","21.50","10.75","9","2.70","7.00","2.20","0.00","21.00",NULL,NULL,"0°C to below 3°C","2026-01-21 10:00:00+00",2,2,2,"0.8700","rules_based","Synthetic moderate pressure required active monitoring.","Moderate demand; selected capacity and workforce pressure","approved","Operational Intelligence Analyst","Duty Operations Manager","2026-01-21 10:30:00+00","opel_rules_v1.0","Moderate pressure",False,"synthetic_seed_v1","OPS-SCT003-20260121","11111111-1111-4111-8111-111111111111","valid"
"15","SCT003","South County Community Trust","Community Trust","South","2026-01-22",220,207,"94.09",12,11,"91.67",167,37,"22.16",71,32,"45.07",34,74,77,-3,"430.00","399.90","31.10","7.23","21.50","10.75","10","1.90","8.00","2.20","0.00","24.00",NULL,NULL,"0°C to below 3°C","2026-01-22 10:00:00+00",2,2,2,"0.8700","rules_based","Synthetic moderate pressure required active monitoring.","Moderate demand; selected capacity and workforce pressure","approved","Operational Intelligence Analyst","Duty Operations Manager","2026-01-22 10:30:00+00","opel_rules_v1.0","Moderate pressure",False,"synthetic_seed_v1","OPS-SCT003-20260122","11111111-1111-4111-8111-111111111111","valid"
"15","SCT003","South County Community Trust","Community Trust","South","2026-01-23",220,216,"98.18",12,11,"91.67",173,54,"31.21",57,50,"87.72",35,79,70,9,"430.00","399.90","40.55","9.43","30.10","10.75","15","6.60","13.00","2.20","0.00","27.00",NULL,NULL,"3°C and above","2026-01-23 10:00:00+00",3,3,2,"0.8300","rules_based","Synthetic significant pressure required enhanced operational coordination.","Rising occupancy; discharge pressure; workforce absence","approved","Operational Intelligence Analyst","Duty Operations Manager","2026-01-23 10:30:00+00","opel_rules_v1.0","Significant pressure",False,"synthetic_seed_v1","OPS-SCT003-20260123","11111111-1111-4111-8111-111111111111","valid"
"15","SCT003","South County Community Trust","Community Trust","South","2026-01-24",220,211,"95.91",12,11,"91.67",184,57,"30.98",61,46,"75.41",30,84,72,12,"430.00","399.90","38.55","8.97","30.10","10.75","12","5.80","11.00","6.50","0.00","18.00",NULL,NULL,"3°C and above","2026-01-24 10:00:00+00",3,2,3,"0.8300","rules_based","Human reviewer adjusted the synthetic rules-based recommendation.","Rising occupancy; discharge pressure; workforce absence","approved","Operational Intelligence Analyst","Duty Operations Manager","2026-01-24 10:30:00+00","opel_rules_v1.0","Moderate pressure",True,"synthetic_seed_v1","OPS-SCT003-20260124","11111111-1111-4111-8111-111111111111","valid"
"15","SCT003","South County Community Trust","Community Trust","South","2026-01-25",220,214,"97.27",12,11,"91.67",170,53,"31.18",65,49,"75.38",31,89,74,15,"430.00","399.90","36.55","8.50","30.10","10.75","13","5.00","12.00","13.00","0.00","36.00","yellow","ice","3°C and above","2026-01-25 10:00:00+00",3,3,2,"0.8300","rules_based","Synthetic significant pressure required enhanced operational coordination.","Rising occupancy; discharge pressure; workforce absence","approved","Operational Intelligence Analyst","Duty Operations Manager","2026-01-25 10:30:00+00","opel_rules_v1.0","Significant pressure",False,"synthetic_seed_v1","OPS-SCT003-20260125","11111111-1111-4111-8111-111111111111","valid"
"15","SCT003","South County Community Trust","Community Trust","South","2026-01-26",220,217,"98.64",12,11,"91.67",181,56,"30.94",69,45,"65.22",32,76,76,0,"430.00","399.90","39.55","9.20","30.10","10.75","14","6.20","13.00","13.00","0.00","48.00","yellow","wind","3°C and above","2026-01-26 10:00:00+00",3,3,3,"0.8300","rules_based","Synthetic significant pressure required enhanced operational coordination.","Rising occupancy; discharge pressure; workforce absence","approved","Operational Intelligence Analyst","Duty Operations Manager","2026-01-26 10:30:00+00","opel_rules_v1.0","Significant pressure",False,"synthetic_seed_v1","OPS-SCT003-20260126","11111111-1111-4111-8111-111111111111","valid"
"15","SCT003","South County Community Trust","Community Trust","South","2026-01-27",220,212,"96.36",12,11,"91.67",192,60,"31.25",55,48,"87.27",33,81,69,12,"430.00","399.90","37.55","8.73","30.10","10.75","15","5.40","11.00","2.20","0.00","27.00",NULL,NULL,"3°C and above","2026-01-27 10:00:00+00",3,3,3,"0.8300","rules_based","Synthetic significant pressure required enhanced operational coordination.","Rising occupancy; discharge pressure; workforce absence","approved","Operational Intelligence Analyst","Duty Operations Manager","2026-01-27 10:30:00+00","opel_rules_v1.0","Significant pressure",False,"synthetic_seed_v1","OPS-SCT003-20260127","11111111-1111-4111-8111-111111111111","valid"
"15","SCT003","South County Community Trust","Community Trust","South","2026-01-28",220,215,"97.73",12,11,"91.67",178,55,"30.90",59,44,"74.58",34,86,71,15,"430.00","399.90","40.55","9.43","30.10","10.75","12","6.60","12.00","6.50","0.00","18.00",NULL,NULL,"3°C and above","2026-01-28 10:00:00+00",3,3,3,"0.8300","rules_based","Synthetic significant pressure required enhanced operational coordination.","Rising occupancy; discharge pressure; workforce absence","approved","Operational Intelligence Analyst","Duty Operations Manager","2026-01-28 10:30:00+00","opel_rules_v1.0","Significant pressure",False,"synthetic_seed_v1","OPS-SCT003-20260128","11111111-1111-4111-8111-111111111111","valid"
"15","SCT003","South County Community Trust","Community Trust","South","2026-01-29",220,218,"99.09",12,11,"91.67",189,59,"31.22",63,47,"74.60",35,73,73,0,"430.00","399.90","38.55","8.97","30.10","10.75","13","5.80","13.00","2.20","0.00","21.00",NULL,NULL,"3°C and above","2026-01-29 10:00:00+00",3,3,3,"0.8300","rules_based","Synthetic significant pressure required enhanced operational coordination.","Rising occupancy; discharge pressure; workforce absence","approved","Operational Intelligence Analyst","Duty Operations Manager","2026-01-29 10:30:00+00","opel_rules_v1.0","Significant pressure",False,"synthetic_seed_v1","OPS-SCT003-20260129","11111111-1111-4111-8111-111111111111","valid"
"15","SCT003","South County Community Trust","Community Trust","South","2026-01-30",220,213,"96.82",12,11,"91.67",175,54,"30.86",67,50,"74.63",30,78,75,3,"430.00","399.90","36.55","8.50","30.10","10.75","14","5.00","11.00","2.20","0.00","24.00",NULL,NULL,"3°C and above","2026-01-30 10:00:00+00",3,3,3,"0.8300","rules_based","Synthetic significant pressure required enhanced operational coordination.","Rising occupancy; discharge pressure; workforce absence","approved","Operational Intelligence Analyst","Duty Operations Manager","2026-01-30 10:30:00+00","opel_rules_v1.0","Significant pressure",False,"synthetic_seed_v1","OPS-SCT003-20260130","11111111-1111-4111-8111-111111111111","valid"
"13","WGH001","Westborough General Hospital","Acute Trust","Midlands","2026-01-01",520,444,"85.38",34,24,"70.59",341,27,"7.92",119,11,"9.24",39,250,242,8,"1180.00","1073.80","44.30","3.75","23.60","17.70","6","-0.30","5.50","1.20","0.00","21.00",NULL,NULL,"Below 0°C","2026-01-01 10:00:00+00",1,1,NULL,"0.9100","rules_based","Synthetic operational conditions remained within routine arrangements.","Routine demand and manageable operational pressure","approved","Operational Intelligence Analyst","Duty Operations Manager","2026-01-01 10:30:00+00","opel_rules_v1.0","Routine pressure",False,"synthetic_seed_v1","OPS-WGH001-20260101","11111111-1111-4111-8111-111111111111","valid"
"13","WGH001","Westborough General Hospital","Acute Trust","Midlands","2026-01-02",520,437,"84.04",34,24,"70.59",352,28,"7.95",123,14,"11.38",40,255,246,9,"1180.00","1073.80","42.30","3.58","23.60","17.70","7","-1.10","6.50","1.20","0.00","24.00",NULL,NULL,"Below 0°C","2026-01-02 10:00:00+00",1,1,1,"0.9100","rules_based","Synthetic operational conditions remained within routine arrangements.","Routine demand and manageable operational pressure","approved","Operational Intelligence Analyst","Duty Operations Manager","2026-01-02 10:30:00+00","opel_rules_v1.0","Routine pressure",False,"synthetic_seed_v1","OPS-WGH001-20260102","11111111-1111-4111-8111-111111111111","valid"
"13","WGH001","Westborough General Hospital","Acute Trust","Midlands","2026-01-03",520,444,"85.38",34,24,"70.59",338,27,"7.99",127,10,"7.87",41,260,250,10,"1180.00","1073.80","45.30","3.84","23.60","17.70","8","0.10","4.50","1.20","0.00","27.00",NULL,NULL,"0°C to below 3°C","2026-01-03 10:00:00+00",1,1,1,"0.9100","rules_based","Synthetic operational conditions remained within routine arrangements.","Routine demand and manageable operational pressure","approved","Operational Intelligence Analyst","Duty Operations Manager","2026-01-03 10:30:00+00","opel_rules_v1.0","Routine pressure",False,"synthetic_seed_v1","OPS-WGH001-20260103","11111111-1111-4111-8111-111111111111","valid"
"13","WGH001","Westborough General Hospital","Acute Trust","Midlands","2026-01-04",520,437,"84.04",34,24,"70.59",349,28,"8.02",131,13,"9.92",42,247,239,8,"1180.00","1073.80","43.30","3.67","23.60","17.70","5","-0.70","5.50","12.00","15.00","36.00","yellow","ice","Below 0°C","2026-01-04 10:00:00+00",1,1,1,"0.9100","rules_based","Synthetic operational conditions remained within routine arrangements.","Routine demand and manageable operational pressure","approved","Operational Intelligence Analyst","Duty Operations Manager","2026-01-04 10:30:00+00","opel_rules_v1.0","Routine pressure",False,"synthetic_seed_v1","OPS-WGH001-20260104","11111111-1111-4111-8111-111111111111","valid"
"13","WGH001","Westborough General Hospital","Acute Trust","Midlands","2026-01-05",520,444,"85.38",34,24,"70.59",335,27,"8.06",117,9,"7.69",43,252,243,9,"1180.00","1073.80","41.30","3.50","23.60","17.70","6","-1.50","6.50","12.00","0.00","48.00","yellow","wind","Below 0°C","2026-01-05 10:00:00+00",1,1,1,"0.9100","rules_based","Synthetic operational conditions remained within routine arrangements.","Routine demand and manageable operational pressure","approved","Operational Intelligence Analyst","Duty Operations Manager","2026-01-05 10:30:00+00","opel_rules_v1.0","Routine pressure",False,"synthetic_seed_v1","OPS-WGH001-20260105","11111111-1111-4111-8111-111111111111","valid"
"13","WGH001","Westborough General Hospital","Acute Trust","Midlands","2026-01-06",520,437,"84.04",34,24,"70.59",346,28,"8.09",121,12,"9.92",38,257,247,10,"1180.00","1073.80","44.30","3.75","23.60","17.70","7","-0.30","4.50","1.20","0.00","24.00",NULL,NULL,"Below 0°C","2026-01-06 10:00:00+00",1,1,1,"0.9100","rules_based","Synthetic operational conditions remained within routine arrangements.","Routine demand and manageable operational pressure","approved","Operational Intelligence Analyst","Duty Operations Manager","2026-01-06 10:30:00+00","opel_rules_v1.0","Routine pressure",False,"synthetic_seed_v1","OPS-WGH001-20260106","11111111-1111-4111-8111-111111111111","valid"
"13","WGH001","Westborough General Hospital","Acute Trust","Midlands","2026-01-07",520,444,"85.38",34,24,"70.59",332,27,"8.13",125,8,"6.40",39,262,251,11,"1180.00","1073.80","42.30","3.58","23.60","17.70","8","-1.10","5.50","1.20","0.00","27.00",NULL,NULL,"Below 0°C","2026-01-07 10:00:00+00",1,1,1,"0.9100","rules_based","Synthetic operational conditions remained within routine arrangements.","Routine demand and manageable operational pressure","approved","Operational Intelligence Analyst","Duty Operations Manager","2026-01-07 10:30:00+00","opel_rules_v1.0","Routine pressure",False,"synthetic_seed_v1","OPS-WGH001-20260107","11111111-1111-4111-8111-111111111111","valid"
"13","WGH001","Westborough General Hospital","Acute Trust","Midlands","2026-01-08",520,463,"89.04",34,24,"70.59",378,49,"12.96",129,20,"15.50",40,249,240,9,"1180.00","1073.80","63.00","5.34","35.40","17.70","11","3.60","9.50","5.50","0.00","18.00",NULL,NULL,"3°C and above","2026-01-08 10:00:00+00",2,2,1,"0.8700","rules_based","Synthetic moderate pressure required active monitoring.","Moderate demand; selected capacity and workforce pressure","approved","Operational Intelligence Analyst","Duty Operations Manager","2026-01-08 10:30:00+00","opel_rules_v1.0","Moderate pressure",False,"synthetic_seed_v1","OPS-WGH001-20260108","11111111-1111-4111-8111-111111111111","valid"
"13","WGH001","Westborough General Hospital","Acute Trust","Midlands","2026-01-09",520,470,"90.38",34,24,"70.59",389,51,"13.11",115,23,"20.00",41,254,244,10,"1180.00","1073.80","61.00","5.17","35.40","17.70","12","2.80","7.50","1.20","0.00","21.00",NULL,NULL,"0°C to below 3°C","2026-01-09 10:00:00+00",2,2,2,"0.8700","rules_based","Synthetic moderate pressure required active monitoring.","Moderate demand; selected capacity and workforce pressure","approved","Operational Intelligence Analyst","Duty Operations Manager","2026-01-09 10:30:00+00","opel_rules_v1.0","Moderate pressure",False,"synthetic_seed_v1","OPS-WGH001-20260109","11111111-1111-4111-8111-111111111111","valid"
"13","WGH001","Westborough General Hospital","Acute Trust","Midlands","2026-01-10",520,463,"89.04",34,24,"70.59",375,49,"13.07",119,19,"15.97",42,259,248,11,"1180.00","1073.80","59.00","5.00","35.40","17.70","13","2.00","8.50","1.20","0.00","24.00",NULL,NULL,"0°C to below 3°C","2026-01-10 10:00:00+00",2,2,2,"0.8700","rules_based","Synthetic moderate pressure required active monitoring.","Moderate demand; selected capacity and workforce pressure","approved","Operational Intelligence Analyst","Duty Operations Manager","2026-01-10 10:30:00+00","opel_rules_v1.0","Moderate pressure",False,"synthetic_seed_v1","OPS-WGH001-20260110","11111111-1111-4111-8111-111111111111","valid"
"13","WGH001","Westborough General Hospital","Acute Trust","Midlands","2026-01-11",520,470,"90.38",34,29,"85.29",386,50,"12.95",123,22,"17.89",43,246,252,-6,"1180.00","1073.80","62.00","5.25","35.40","17.70","14","3.20","9.50","12.00","0.00","36.00","yellow","ice","3°C and above","2026-01-11 10:00:00+00",2,2,2,"0.8700","rules_based","Synthetic moderate pressure required active monitoring.","Moderate demand; selected capacity and workforce pressure","approved","Operational Intelligence Analyst","Duty Operations Manager","2026-01-11 10:30:00+00","opel_rules_v1.0","Moderate pressure",False,"synthetic_seed_v1","OPS-WGH001-20260111","11111111-1111-4111-8111-111111111111","valid"
"13","WGH001","Westborough General Hospital","Acute Trust","Midlands","2026-01-12",520,463,"89.04",34,29,"85.29",372,48,"12.90",127,18,"14.17",38,251,241,10,"1180.00","1073.80","60.00","5.08","35.40","17.70","11","2.40","7.50","12.00","15.00","48.00",NULL,NULL,"0°C to below 3°C","2026-01-12 10:00:00+00",2,2,2,"0.8700","rules_based","Synthetic moderate pressure required active monitoring.","Moderate demand; selected capacity and workforce pressure","approved","Operational Intelligence Analyst","Duty Operations Manager","2026-01-12 10:30:00+00","opel_rules_v1.0","Moderate pressure",False,"synthetic_seed_v1","OPS-WGH001-20260112","11111111-1111-4111-8111-111111111111","valid"
"13","WGH001","Westborough General Hospital","Acute Trust","Midlands","2026-01-13",520,470,"90.38",34,29,"85.29",383,50,"13.05",131,21,"16.03",39,256,245,11,"1180.00","1073.80","63.00","5.34","35.40","17.70","12","3.60","8.50","1.20","0.00","21.00",NULL,NULL,"3°C and above","2026-01-13 10:00:00+00",2,2,2,"0.8700","rules_based","Synthetic moderate pressure required active monitoring.","Moderate demand; selected capacity and workforce pressure","approved","Operational Intelligence Analyst","Duty Operations Manager","2026-01-13 10:30:00+00","opel_rules_v1.0","Moderate pressure",False,"synthetic_seed_v1","OPS-WGH001-20260113","11111111-1111-4111-8111-111111111111","valid"
"13","WGH001","Westborough General Hospital","Acute Trust","Midlands","2026-01-14",520,463,"89.04",34,29,"85.29",369,48,"13.01",117,17,"14.53",40,261,249,12,"1180.00","1073.80","61.00","5.17","35.40","17.70","13","2.80","9.50","1.20","0.00","24.00",NULL,NULL,"0°C to below 3°C","2026-01-14 10:00:00+00",2,2,2,"0.8700","rules_based","Synthetic moderate pressure required active monitoring.","Moderate demand; selected capacity and workforce pressure","approved","Operational Intelligence Analyst","Duty Operations Manager","2026-01-14 10:30:00+00","opel_rules_v1.0","Moderate pressure",False,"synthetic_seed_v1","OPS-WGH001-20260114","11111111-1111-4111-8111-111111111111","valid"
"13","WGH001","Westborough General Hospital","Acute Trust","Midlands","2026-01-15",520,491,"94.42",34,29,"85.29",400,88,"22.00",121,32,"26.45",53,248,241,7,"1180.00","1073.80","82.60","7.00","59.00","29.50","22","0.00","5.50","1.20","0.00","27.00",NULL,NULL,"0°C to below 3°C","2026-01-15 10:00:00+00",3,3,2,"0.8300","rules_based","Synthetic significant pressure required enhanced operational coordination.","Rising occupancy; discharge pressure; workforce absence","approved","Operational Intelligence Analyst","Duty Operations Manager","2026-01-15 10:30:00+00","opel_rules_v1.0","Significant pressure",False,"synthetic_seed_v1","OPS-WGH001-20260115","11111111-1111-4111-8111-111111111111","valid"
"13","WGH001","Westborough General Hospital","Acute Trust","Midlands","2026-01-16",520,484,"93.08",34,29,"85.29",386,85,"22.02",125,35,"28.00",54,253,243,10,"1180.00","1073.80","85.60","7.25","59.00","29.50","19","1.20","6.50","5.50","0.00","18.00",NULL,NULL,"0°C to below 3°C","2026-01-16 10:00:00+00",3,3,3,"0.8300","rules_based","Synthetic significant pressure required enhanced operational coordination.","Rising occupancy; discharge pressure; workforce absence","approved","Operational Intelligence Analyst","Duty Operations Manager","2026-01-16 10:30:00+00","opel_rules_v1.0","Significant pressure",False,"synthetic_seed_v1","OPS-WGH001-20260116","11111111-1111-4111-8111-111111111111","valid"
"13","WGH001","Westborough General Hospital","Acute Trust","Midlands","2026-01-17",520,491,"94.42",34,29,"85.29",397,87,"21.91",129,31,"24.03",55,258,245,13,"1180.00","1073.80","83.60","7.08","59.00","29.50","20","0.40","7.50","1.20","0.00","21.00",NULL,NULL,"0°C to below 3°C","2026-01-17 10:00:00+00",3,3,3,"0.8300","rules_based","Synthetic significant pressure required enhanced operational coordination.","Rising occupancy; discharge pressure; workforce absence","approved","Operational Intelligence Analyst","Duty Operations Manager","2026-01-17 10:30:00+00","opel_rules_v1.0","Significant pressure",False,"synthetic_seed_v1","OPS-WGH001-20260117","11111111-1111-4111-8111-111111111111","valid"
"13","WGH001","Westborough General Hospital","Acute Trust","Midlands","2026-01-18",520,484,"93.08",34,29,"85.29",408,90,"22.06",115,34,"29.57",50,245,238,7,"1180.00","1073.80","86.60","7.34","59.00","29.50","21","1.60","5.50","12.00","0.00","36.00","yellow","ice","0°C to below 3°C","2026-01-18 10:00:00+00",3,2,3,"0.8300","rules_based","Human reviewer adjusted the synthetic rules-based recommendation.","Rising occupancy; discharge pressure; workforce absence","approved","Operational Intelligence Analyst","Duty Operations Manager","2026-01-18 10:30:00+00","opel_rules_v1.0","Moderate pressure",True,"synthetic_seed_v1","OPS-WGH001-20260118","11111111-1111-4111-8111-111111111111","valid"
"13","WGH001","Westborough General Hospital","Acute Trust","Midlands","2026-01-19",520,491,"94.42",34,29,"85.29",394,87,"22.08",119,30,"25.21",51,250,240,10,"1180.00","1073.80","84.60","7.17","59.00","29.50","22","0.80","6.50","12.00","15.00","48.00",NULL,NULL,"0°C to below 3°C","2026-01-19 10:00:00+00",3,3,2,"0.8300","rules_based","Synthetic significant pressure required enhanced operational coordination.","Rising occupancy; discharge pressure; workforce absence","approved","Operational Intelligence Analyst","Duty Operations Manager","2026-01-19 10:30:00+00","opel_rules_v1.0","Significant pressure",False,"synthetic_seed_v1","OPS-WGH001-20260119","11111111-1111-4111-8111-111111111111","valid"
"13","WGH001","Westborough General Hospital","Acute Trust","Midlands","2026-01-20",520,484,"93.08",34,29,"85.29",405,89,"21.98",123,33,"26.83",52,255,242,13,"1180.00","1073.80","82.60","7.00","59.00","29.50","19","0.00","7.50","5.50","0.00","18.00",NULL,NULL,"0°C to below 3°C","2026-01-20 10:00:00+00",3,3,3,"0.8300","rules_based","Synthetic significant pressure required enhanced operational coordination.","Rising occupancy; discharge pressure; workforce absence","approved","Operational Intelligence Analyst","Duty Operations Manager","2026-01-20 10:30:00+00","opel_rules_v1.0","Significant pressure",False,"synthetic_seed_v1","OPS-WGH001-20260120","11111111-1111-4111-8111-111111111111","valid"
"13","WGH001","Westborough General Hospital","Acute Trust","Midlands","2026-01-21",520,491,"94.42",34,31,"91.18",391,86,"21.99",127,29,"22.83",53,260,244,16,"1180.00","1073.80","85.60","7.25","59.00","29.50","20","1.20","5.50","1.20","0.00","21.00",NULL,NULL,"0°C to below 3°C","2026-01-21 10:00:00+00",3,3,3,"0.8300","rules_based","Synthetic significant pressure required enhanced operational coordination.","Rising occupancy; discharge pressure; workforce absence","approved","Operational Intelligence Analyst","Duty Operations Manager","2026-01-21 10:30:00+00","opel_rules_v1.0","Significant pressure",False,"synthetic_seed_v1","OPS-WGH001-20260121","11111111-1111-4111-8111-111111111111","valid"
"13","WGH001","Westborough General Hospital","Acute Trust","Midlands","2026-01-22",520,484,"93.08",34,31,"91.18",402,88,"21.89",131,32,"24.43",54,247,246,1,"1180.00","1073.80","83.60","7.08","59.00","29.50","21","0.40","6.50","1.20","0.00","24.00",NULL,NULL,"0°C to below 3°C","2026-01-22 10:00:00+00",3,3,3,"0.8300","rules_based","Synthetic significant pressure required enhanced operational coordination.","Rising occupancy; discharge pressure; workforce absence","approved","Operational Intelligence Analyst","Duty Operations Manager","2026-01-22 10:30:00+00","opel_rules_v1.0","Significant pressure",False,"synthetic_seed_v1","OPS-WGH001-20260122","11111111-1111-4111-8111-111111111111","valid"
"13","WGH001","Westborough General Hospital","Acute Trust","Midlands","2026-01-23",520,506,"97.31",34,31,"91.18",408,126,"30.88",117,50,"42.74",55,252,239,13,"1180.00","1073.80","104.30","8.84","82.60","29.50","31","5.10","11.50","1.20","0.00","27.00",NULL,NULL,"3°C and above","2026-01-23 10:00:00+00",4,4,3,"0.7900","rules_based","Synthetic critical operational pressure required system-level escalation.","High bed occupancy; ambulance delays; workforce gaps; unresolved incidents","approved","Operational Intelligence Analyst","Duty Operations Manager","2026-01-23 10:30:00+00","opel_rules_v1.0","Critical pressure",False,"synthetic_seed_v1","OPS-WGH001-20260123","11111111-1111-4111-8111-111111111111","valid"
"13","WGH001","Westborough General Hospital","Acute Trust","Midlands","2026-01-24",520,499,"95.96",34,31,"91.18",419,130,"31.03",121,46,"38.02",50,257,241,16,"1180.00","1073.80","102.30","8.67","82.60","29.50","28","4.30","9.50","5.50","0.00","18.00",NULL,NULL,"3°C and above","2026-01-24 10:00:00+00",4,4,4,"0.7900","rules_based","Synthetic critical operational pressure required system-level escalation.","High bed occupancy; ambulance delays; workforce gaps; unresolved incidents","approved","Operational Intelligence Analyst","Duty Operations Manager","2026-01-24 10:30:00+00","opel_rules_v1.0","Critical pressure",False,"synthetic_seed_v1","OPS-WGH001-20260124","11111111-1111-4111-8111-111111111111","valid"
"13","WGH001","Westborough General Hospital","Acute Trust","Midlands","2026-01-25",520,506,"97.31",34,31,"91.18",405,126,"31.11",125,49,"39.20",51,262,243,19,"1180.00","1073.80","100.30","8.50","82.60","29.50","29","3.50","10.50","12.00","0.00","36.00","yellow","ice","3°C and above","2026-01-25 10:00:00+00",4,4,4,"0.7900","rules_based","Synthetic critical operational pressure required system-level escalation.","High bed occupancy; ambulance delays; workforce gaps; unresolved incidents","approved","Operational Intelligence Analyst","Duty Operations Manager","2026-01-25 10:30:00+00","opel_rules_v1.0","Critical pressure",False,"synthetic_seed_v1","OPS-WGH001-20260125","11111111-1111-4111-8111-111111111111","valid"
"13","WGH001","Westborough General Hospital","Acute Trust","Midlands","2026-01-26",520,499,"95.96",34,31,"91.18",416,129,"31.01",129,45,"34.88",52,249,245,4,"1180.00","1073.80","103.30","8.75","82.60","29.50","30","4.70","11.50","12.00","0.00","48.00","yellow","wind","3°C and above","2026-01-26 10:00:00+00",4,4,4,"0.7900","rules_based","Synthetic critical operational pressure required system-level escalation.","High bed occupancy; ambulance delays; workforce gaps; unresolved incidents","approved","Operational Intelligence Analyst","Duty Operations Manager","2026-01-26 10:30:00+00","opel_rules_v1.0","Critical pressure",False,"synthetic_seed_v1","OPS-WGH001-20260126","11111111-1111-4111-8111-111111111111","valid"
"13","WGH001","Westborough General Hospital","Acute Trust","Midlands","2026-01-27",520,506,"97.31",34,31,"91.18",427,132,"30.91",115,48,"41.74",53,254,238,16,"1180.00","1073.80","101.30","8.58","82.60","29.50","31","3.90","9.50","1.20","0.00","27.00",NULL,NULL,"3°C and above","2026-01-27 10:00:00+00",4,3,4,"0.7900","rules_based","Human reviewer adjusted the synthetic rules-based recommendation.","High bed occupancy; ambulance delays; workforce gaps; unresolved incidents","approved","Operational Intelligence Analyst","Duty Operations Manager","2026-01-27 10:30:00+00","opel_rules_v1.0","Significant pressure",True,"synthetic_seed_v1","OPS-WGH001-20260127","11111111-1111-4111-8111-111111111111","valid"
"13","WGH001","Westborough General Hospital","Acute Trust","Midlands","2026-01-28",520,499,"95.96",34,31,"91.18",413,128,"30.99",119,44,"36.97",54,259,240,19,"1180.00","1073.80","104.30","8.84","82.60","29.50","28","5.10","10.50","5.50","0.00","18.00",NULL,NULL,"3°C and above","2026-01-28 10:00:00+00",4,4,3,"0.7900","rules_based","Synthetic critical operational pressure required system-level escalation.","High bed occupancy; ambulance delays; workforce gaps; unresolved incidents","approved","Operational Intelligence Analyst","Duty Operations Manager","2026-01-28 10:30:00+00","opel_rules_v1.0","Critical pressure",False,"synthetic_seed_v1","OPS-WGH001-20260128","11111111-1111-4111-8111-111111111111","valid"
"13","WGH001","Westborough General Hospital","Acute Trust","Midlands","2026-01-29",520,506,"97.31",34,31,"91.18",424,131,"30.90",123,47,"38.21",55,246,242,4,"1180.00","1073.80","102.30","8.67","82.60","29.50","29","4.30","11.50","1.20","0.00","21.00",NULL,NULL,"3°C and above","2026-01-29 10:00:00+00",4,4,4,"0.7900","rules_based","Synthetic critical operational pressure required system-level escalation.","High bed occupancy; ambulance delays; workforce gaps; unresolved incidents","approved","Operational Intelligence Analyst","Duty Operations Manager","2026-01-29 10:30:00+00","opel_rules_v1.0","Critical pressure",False,"synthetic_seed_v1","OPS-WGH001-20260129","11111111-1111-4111-8111-111111111111","valid"
"13","WGH001","Westborough General Hospital","Acute Trust","Midlands","2026-01-30",520,499,"95.96",34,31,"91.18",410,127,"30.98",127,50,"39.37",50,251,244,7,"1180.00","1073.80","100.30","8.50","82.60","29.50","30","3.50","9.50","1.20","0.00","24.00",NULL,NULL,"3°C and above","2026-01-30 10:00:00+00",4,4,4,"0.7900","rules_based","Synthetic critical operational pressure required system-level escalation.","High bed occupancy; ambulance delays; workforce gaps; unresolved incidents","approved","Operational Intelligence Analyst","Duty Operations Manager","2026-01-30 10:30:00+00","opel_rules_v1.0","Critical pressure",False,"synthetic_seed_v1","OPS-WGH001-20260130","11111111-1111-4111-8111-111111111111","valid"
